game_id,date,y,margin,total,p_sim,m_sim,t_sim,p_elo,p_const,margin_sd_sim,total_sd_sim
espn:401810753,2026-03-04,1.0,23.0,237.0,0.69375,8.088,227.598,0.9316069963412854,0.55,16.052904908458157,20.090044698805425
espn:401810754,2026-03-05,1.0,1.0,229.0,0.61925,4.56,226.3105,0.7644789972204641,0.55,15.882125172658727,19.94537765373221
espn:401810755,2026-03-05,0.0,-10.0,234.0,0.524,0.95075,230.30525,0.5920497380727474,0.55,16.476902756206943,20.21477361825999
espn:401810756,2026-03-05,1.0,16.0,236.0,0.70425,8.79475,226.31225,0.8846964582537475,0.55,16.226571493618113,20.437386083780382
espn:401810757,2026-03-05,0.0,-2.0,228.0,0.587,3.803,224.6855,0.7982453722158056,0.55,16.492216073044883,20.23487310931304
espn:401810758,2026-03-05,1.0,8.0,222.0,0.5885,3.87025,227.98925,0.7321117381589733,0.55,16.20542856383317,20.2726079831259
espn:401810759,2026-03-05,1.0,15.0,227.0,0.527,1.2425,225.8855,0.6129616263790282,0.55,16.42271882941433,20.023421030133687
espn:401810761,2026-03-05,1.0,7.0,233.0,0.54325,1.69725,232.16075,0.5607399960650143,0.55,16.287651532295868,20.50944683402017
espn:401810762,2026-03-05,0.0,-10.0,256.0,0.4325,-2.74275,229.72125,0.3849922117093641,0.55,16.03092550158911,20.01398382225538
espn:401810763,2026-03-06,1.0,20.0,220.0,0.71925,9.265,219.225,0.8862283568444324,0.55,16.091108569641808,19.62257309834773
espn:401810764,2026-03-06,0.0,-8.0,248.0,0.6145,4.52325,224.43875,0.7665586683335657,0.55,16.187524808861298,20.121661174900545
espn:401810765,2026-03-06,1.0,7.0,205.0,0.58875,3.61925,220.28075,0.7595289611556194,0.55,16.266323476357528,19.888801608882822
espn:401810766,2026-03-06,0.0,-39.0,245.0,0.43925,-2.43475,224.07225,0.4136262075845712,0.55,16.357345213618867,20.08408648501345
espn:401810767,2026-03-06,1.0,2.0,234.0,0.58225,3.2225,222.0975,0.6900518598564167,0.55,16.44042255387616,20.28241834076992
espn:401810768,2026-03-06,1.0,4.0,228.0,0.5305,1.612,222.756,0.7675520321779318,0.55,16.384564565468317,19.642478560507584
espn:401810769,2026-03-06,1.0,11.0,245.0,0.6365,5.60075,227.02575,0.9023953756918014,0.55,16.536833113915737,20.39617824342345
espn:401810770,2026-03-07,0.0,-27.0,211.0,0.6005,4.12575,228.01075,0.7710560657672951,0.55,16.452839783377826,20.112797777472434
espn:401810771,2026-03-07,0.0,-2.0,212.0,0.77375,11.9815,221.848,0.9524086196074183,0.55,15.897882178139326,20.038410515806888
espn:401810772,2026-03-07,1.0,9.0,241.0,0.576,3.0995,229.891,0.6238684320968625,0.55,16.194492883384772,20.640678743684763
espn:401810773,2026-03-07,0.0,-3.0,243.0,0.46475,-1.28025,225.22075,0.2458080085877037,0.55,16.098888469006177,19.673307282648235
espn:401810774,2026-03-07,1.0,14.0,212.0,0.55325,2.78875,232.08775,0.7521114413293998,0.55,16.651490126637317,20.268289270125884
espn:401810775,2026-03-07,1.0,7.0,201.0,0.6655,7.479,226.3275,0.8480691789444709,0.55,16.55634497707752,20.66598034814705
espn:401810776,2026-03-08,0.0,-11.0,207.0,0.5215,0.8415,226.143,0.6757966466088613,0.55,16.58208001880343,20.389753578697317
espn:401810777,2026-03-08,1.0,13.0,207.0,0.43175,-2.55375,227.45725,0.35388438832882146,0.55,16.343488334425427,20.33894472280949
espn:401810778,2026-03-08,1.0,11.0,231.0,0.532,1.184,223.047,0.4534307941273826,0.55,16.040749483736725,19.991180330335673
espn:401810779,2026-03-08,1.0,30.0,214.0,0.614,4.514,226.279,0.790494578044353,0.55,15.916934503854693,19.656580552069578
espn:401810780,2026-03-08,1.0,20.0,256.0,0.629,5.55925,231.44975,0.8076545629195582,0.55,16.216102782034284,19.923565818836245
espn:401810781,2026-03-08,0.0,-39.0,221.0,0.46475,-1.25825,217.80025,0.4482427956748099,0.55,16.088553599920036,19.96917249005326
espn:401810782,2026-03-08,1.0,25.0,265.0,0.5985,4.047,223.9085,0.7690955886797884,0.55,16.380897136603963,20.02829567761571
espn:401810783,2026-03-08,1.0,12.0,210.0,0.41125,-3.53475,222.94325,0.3938812560161723,0.55,16.31920011635068,20.437368456763213
espn:401810784,2026-03-08,1.0,20.0,242.0,0.5885,3.42525,229.06475,0.8577991384926197,0.55,16.695326065623878,20.72868923587548
espn:401810786,2026-03-09,1.0,14.0,216.0,0.59825,4.21925,226.46475,0.7747552876606575,0.55,16.016106875189738,20.268023027357653
espn:401810787,2026-03-09,1.0,11.0,241.0,0.41675,-3.57,226.466,0.469707114999007,0.55,16.588191583171444,20.492019031808457
espn:401810788,2026-03-09,1.0,3.0,255.0,0.621,5.2565,228.8365,0.8030466059777439,0.55,16.541877394963365,20.16989756419204
espn:401810789,2026-03-09,1.0,3.0,235.0,0.42875,-3.01825,230.77825,0.32636795877100727,0.55,16.72828194817089,20.40841926601617
espn:401810790,2026-03-09,1.0,8.0,244.0,0.5245,1.03625,220.49575,0.5026549756939201,0.55,16.153821094016735,20.01726709462358
espn:401810791,2026-03-10,1.0,10.0,268.0,0.55175,1.8095,223.852,0.7965121319099555,0.55,16.26049537222037,20.140161270456602
espn:401810792,2026-03-10,0.0,-38.0,238.0,0.29625,-8.642,217.7605,0.1570797715787345,0.55,16.04860853781411,19.685086734632385
espn:401810793,2026-03-10,1.0,21.0,279.0,0.74725,10.359,233.2255,0.9268398836076712,0.55,16.07506202165329,20.42314005607365
espn:401810794,2026-03-10,1.0,12.0,236.0,0.66025,6.56175,228.93375,0.8649657406785761,0.55,16.127187818634095,20.097085881726734
espn:401810795,2026-03-10,1.0,14.0,212.0,0.55225,1.8245,222.998,0.7167927664530627,0.55,15.967582777302267,19.475792564103777
espn:401810796,2026-03-10,0.0,-15.0,243.0,0.45225,-1.30075,223.91825,0.3752245671588386,0.55,16.465624781267792,20.55543886511548
espn:401810797,2026-03-10,1.0,9.0,241.0,0.54125,2.13975,224.84675,0.7370931672916615,0.55,16.829860960135708,20.78828430721256
espn:401810798,2026-03-10,0.0,-6.0,254.0,0.4935,-0.48225,228.01425,0.5635103065252814,0.55,16.882526023599073,20.916095403719595
espn:401810799,2026-03-10,0.0,-2.0,204.0,0.401,-3.8475,226.655,0.3696056143398392,0.55,16.29575845887512,20.14695944801597
espn:401810800,2026-03-10,1.0,5.0,223.0,0.503,0.161,231.2795,0.6623476274229165,0.55,16.5269954619707,20.06348373912168
espn:401810801,2026-03-10,1.0,14.0,226.0,0.53925,1.25725,230.92425,0.5963388122217904,0.55,16.404849052566743,20.733656501869127
espn:401810802,2026-03-11,1.0,6.0,250.0,0.4755,-0.914,227.508,0.42918998891909826,0.55,16.29055259958974,20.456012221349496
espn:401810803,2026-03-11,1.0,11.0,233.0,0.52025,0.99925,224.31775,0.5127122177524452,0.55,15.882592654774598,19.732999897063294
espn:401810804,2026-03-11,0.0,-17.0,251.0,0.333,-6.964,229.3235,0.15802725597240916,0.55,16.264983984006868,20.347489961909307
espn:401810805,2026-03-11,1.0,36.0,222.0,0.53925,1.7485,224.8805,0.4490998810846555,0.55,15.951355671227445,19.575564353295157
espn:401810806,2026-03-11,0.0,-8.0,226.0,0.32375,-7.319,219.3975,0.15154672269924113,0.55,16.0164209172961,19.484237058453175
espn:401810807,2026-03-11,1.0,25.0,281.0,0.60375,4.3355,223.904,0.6970157410686338,0.55,15.717854171291957,19.835203149955387
espn:401810808,2026-03-12,1.0,22.0,240.0,0.63925,5.48475,227.34275,0.7694293526102501,0.55,15.986893614379875,20.005506053022003
espn:401810809,2026-03-12,0.0,-15.0,231.0,0.3985,-4.27225,226.27175,0.13468972462032827,0.55,16.760343968352796,20.057901234613258
espn:401810810,2026-03-12,1.0,5.0,267.0,0.688,7.83975,225.97775,0.9196600506758458,0.55,15.999783434081225,19.664771926912856
espn:401810811,2026-03-12,1.0,11.0,205.0,0.69475,8.268,227.218,0.8841375304270556,0.55,15.864084467752937,20.16503101906863
espn:401810812,2026-03-12,1.0,7.0,217.0,0.6725,7.19825,231.15925,0.8396872510777197,0.55,16.61052217534115,20.469425723197514
espn:401810813,2026-03-12,0.0,-5.0,267.0,0.6525,6.29825,228.77825,0.8398936296592252,0.55,16.762183537281174,20.23292062302178
espn:401810814,2026-03-12,1.0,2.0,206.0,0.55,2.37225,222.12625,0.6747516094657199,0.55,16.814879718199,20.32242138470463
espn:401810815,2026-03-12,1.0,12.0,272.0,0.5755,3.23725,233.90625,0.7397883785309491,0.55,16.507936347027147,20.641922413803904
espn:401810966,2026-03-12,0.0,-8.0,232.0,0.5855,2.914,231.0495,0.5983015455915491,0.55,15.930430126019825,20.211965509321452
espn:401810816,2026-03-13,1.0,16.0,236.0,0.70025,8.30775,221.98575,0.9281259010169062,0.55,16.16876742171462,19.678021926441183
espn:401810817,2026-03-13,0.0,-9.0,193.0,0.26875,-10.19975,224.06025,0.08451287832454832,0.55,16.4677518179471,20.41161727883168
espn:401810818,2026-03-13,1.0,7.0,237.0,0.564,2.435,218.732,0.42289940466494114,0.55,16.25025461338991,20.02820950559485
espn:401810819,2026-03-13,1.0,2.0,212.0,0.5795,3.07825,226.22425,0.7329843294477122,0.55,16.11307316862615,19.843801599932913
espn:401810820,2026-03-13,0.0,-33.0,243.0,0.31675,-7.331,225.008,0.1804215225186253,0.55,16.13764044090709,19.82783235757252
espn:401810821,2026-03-13,0.0,-10.0,244.0,0.4975,-0.0295,229.0615,0.4280844292994956,0.55,16.53277441175558,20.67471203547948
espn:401810822,2026-03-13,1.0,10.0,238.0,0.5835,3.17825,231.06825,0.7905926427321418,0.55,16.407695662020917,19.925751979222767
espn:401810823,2026-03-13,1.0,11.0,227.0,0.64625,6.29825,230.22175,0.8052132253428665,0.55,16.14167887604942,20.086701494707885
espn:401810824,2026-03-14,1.0,7.0,201.0,0.64725,6.342,226.3995,0.8287415985678905,0.55,16.15713576101903,20.334709236918044
espn:401810825,2026-03-14,1.0,23.0,221.0,0.6275,5.523,229.107,0.818719387936425,0.55,16.597348312305794,19.98654675025178
espn:401810826,2026-03-14,1.0,11.0,211.0,0.75325,11.17175,227.45875,0.9419180155682565,0.55,16.217297923436565,19.870072934881243
espn:401810827,2026-03-14,0.0,-4.0,238.0,0.5535,1.916,230.093,0.6252099082870457,0.55,16.660745601562976,20.094846379109246
espn:401810828,2026-03-14,1.0,13.0,217.0,0.603,3.99775,228.85575,0.7444930722422425,0.55,16.590396165779165,20.479939988620572
espn:401810829,2026-03-14,1.0,2.0,252.0,0.51675,0.7795,234.817,0.6063910596430043,0.55,16.51848600053891,20.589985696935294
espn:401810830,2026-03-14,0.0,-9.0,227.0,0.70325,8.44925,226.24075,0.9336792554864454,0.55,15.433435276616155,19.420782410538973
espn:401810831,2026-03-15,1.0,13.0,219.0,0.62775,5.31775,228.65725,0.7940133225369236,0.55,16.40726317633444,20.56552387948092
espn:401810832,2026-03-15,0.0,-10.0,250.0,0.725,9.714,230.2485,0.911494148778846,0.55,16.253975021513966,20.132554426848074
espn:401810833,2026-03-15,1.0,11.0,227.0,0.436,-2.81175,225.13425,0.33225535951055696,0.55,15.962450060610996,19.842208217270073
espn:401810834,2026-03-15,1.0,11.0,257.0,0.543,1.5425,224.512,0.8070193821463498,0.55,16.464452427882318,20.184284877101792
espn:401810835,2026-03-15,1.0,6.0,212.0,0.5105,0.359,223.943,0.6232014225679995,0.55,15.997019066063528,19.837773337751393
espn:401810836,2026-03-15,1.0,3.0,217.0,0.6575,6.42075,225.55375,0.8617930628855123,0.55,16.295082676608303,20.498770961633287
espn:401810838,2026-03-16,1.0,12.0,236.0,0.52875,1.13675,228.29125,0.5590521341835619,0.55,16.41960868710031,19.977009872288196
espn:401810839,2026-03-16,0.0,-8.0,242.0,0.43375,-2.6235,226.8175,0.33410827139578014,0.55,16.694722152524733,20.710847248483102
espn:401810840,2026-03-16,0.0,-19.0,209.0,0.46225,-1.66725,218.19225,0.32749299595876535,0.55,16.090914437579364,19.721391683588152
espn:401810841,2026-03-16,1.0,8.0,232.0,0.61175,4.735,221.978,0.7083959480920177,0.55,16.546805582951652,20.373426712264187
espn:401810842,2026-03-16,1.0,25.0,239.0,0.58,3.546,237.162,0.7985278893410873,0.55,16.651077562728485,20.39556951889307
espn:401810843,2026-03-16,1.0,18.0,240.0,0.63225,4.94625,226.16975,0.7031611080110599,0.55,15.692430052018711,19.830429519743138
espn:401810844,2026-03-16,0.0,-8.0,192.0,0.482,-0.4795,226.0445,0.5296751075072519,0.55,16.239645308626663,20.368603775173202
espn:401810845,2026-03-16,0.0,-4.0,234.0,0.482,-1.05525,230.82775,0.35683987992336197,0.55,16.338977857794532,20.921223194103636
espn:401810846,2026-03-17,1.0,30.0,242.0,0.529,1.0865,228.481,0.618509977977079,0.55,16.532226642228203,20.46334867513135
espn:401810847,2026-03-17,0.0,-5.0,221.0,0.397,-4.07275,220.28675,0.37504232804135784,0.55,16.0673413307087,20.32804772813907
espn:401810848,2026-03-17,0.0,-13.0,247.0,0.2575,-10.08475,225.90675,0.10626987396826888,0.55,15.775283434458476,20.15926720983429
espn:401810849,2026-03-17,1.0,26.0,246.0,0.75825,11.1765,227.213,0.9601048865286305,0.55,16.3144367892367,20.395210981992808
espn:401810850,2026-03-17,0.0,-7.0,239.0,0.34825,-6.093,231.672,0.2707463707846889,0.55,16.556429294989908,20.80854189990255
espn:401810851,2026-03-17,1.0,12.0,220.0,0.59625,3.98925,224.30475,0.5858274467308667,0.55,16.524879256366745,19.919058146345677
espn:401810852,2026-03-17,1.0,28.0,220.0,0.60675,4.51475,232.56975,0.6898475432200251,0.55,16.11819724527219,20.26616971550125
espn:401810853,2026-03-17,0.0,-28.0,236.0,0.3275,-7.11025,227.13525,0.08745706091815435,0.55,16.316528274651443,20.106042809003963
espn:401810854,2026-03-18,1.0,21.0,219.0,0.61925,5.212,223.3025,0.8546417542222423,0.55,16.721888529708597,20.769568935103106
espn:401810855,2026-03-18,0.0,-29.0,213.0,0.2935,-8.40575,217.27725,0.07533534485021712,0.55,15.769372750287184,20.228479489014987
espn:401810856,2026-03-18,0.0,-8.0,246.0,0.37975,-5.053,224.023,0.19580908842243308,0.55,16.440443759217693,20.419879309143823
espn:401810857,2026-03-18,0.0,-30.0,248.0,0.515,0.71225,231.43625,0.50735606347606,0.55,16.607963449426904,20.278583183681743
espn:401810859,2026-03-18,1.0,36.0,258.0,0.61025,4.5055,229.7075,0.8771927773626401,0.55,16.128235171586507,19.902083904707062
espn:401810860,2026-03-18,1.0,15.0,233.0,0.4585,-2.03975,230.99525,0.40619618928616674,0.55,16.320513776762667,20.25535058786937
espn:401810861,2026-03-18,0.0,-15.0,255.0,0.38825,-4.59475,229.86375,0.23702081502810565,0.55,16.429227688406414,20.255361905863346
espn:401810862,2026-03-18,0.0,-8.0,240.0,0.47875,-0.8725,224.4325,0.46395546338346577,0.55,16.06445591204383,20.28149264107551
espn:401858693,2026-03-18,1.0,7.0,243.0,0.437,-2.5925,231.2715,0.16347955194430605,0.55,16.60459104434674,20.113298778420212
espn:401810863,2026-03-19,1.0,19.0,241.0,0.56875,2.91125,224.59025,0.683041102997722,0.55,16.39164035224968,20.280504306784383
espn:401810864,2026-03-19,0.0,-22.0,212.0,0.2895,-8.863,231.062,0.10124728138556804,0.55,16.042902823367097,20.29370976435802
espn:401810865,2026-03-19,0.0,-8.0,260.0,0.554,2.08325,229.05025,0.45152324593141324,0.55,16.42687795771004,20.37788568368907
espn:401810866,2026-03-19,0.0,-5.0,225.0,0.38875,-4.6755,231.7675,0.3312448139520935,0.55,16.53693441209706,20.13850649253812
espn:401810867,2026-03-19,1.0,6.0,204.0,0.4705,-1.11975,223.33525,0.5056003373374218,0.55,15.888373420130206,19.341053679608564
espn:401810868,2026-03-19,1.0,1.0,201.0,0.66825,7.2355,227.926,0.8692202776828598,0.55,16.683046476887846,20.292511525190765
espn:401810869,2026-03-19,1.0,32.0,224.0,0.45725,-2.009,228.248,0.45169657499127924,0.55,16.48229107254207,20.01133418840433
espn:401810870,2026-03-19,0.0,-21.0,257.0,0.43775,-2.686,228.803,0.3333630334954617,0.55,16.12069799977656,19.867981553242895
espn:401810871,2026-03-20,0.0,-1.0,185.0,0.26125,-10.33425,221.41475,0.1136432046882117,0.55,16.072943941216867,19.72728395997533
espn:401810872,2026-03-20,1.0,14.0,216.0,0.614,4.6085,222.9785,0.849776935998432,0.55,16.303196856751743,19.69632041143726
espn:401810873,2026-03-20,1.0,22.0,212.0,0.49675,-0.52675,225.33375,0.4653075370692894,0.55,16.16263544220125,20.335273810241652
espn:401810874,2026-03-20,0.0,-5.0,229.0,0.36475,-5.7335,227.4725,0.1517628561287273,0.55,16.520289880931266,20.312329845441166
espn:401810875,2026-03-20,0.0,-4.0,212.0,0.62125,4.81575,229.06925,0.7019618759592741,0.55,16.178297250869758,19.724514048196472
espn:401810876,2026-03-20,1.0,6.0,236.0,0.5455,2.102,230.797,0.5993722361371585,0.55,16.091522488565214,20.22635140108072
espn:401810877,2026-03-21,0.0,-21.0,243.0,0.25475,-10.6535,228.46,0.053983673080412235,0.55,16.19975116321235,20.085228402983123
espn:401810878,2026-03-21,1.0,23.0,225.0,0.70525,8.86125,226.71175,0.9190318067772223,0.55,16.361555501769995,20.386114439429107
espn:401810879,2026-03-21,0.0,-1.0,209.0,0.4885,-0.457,230.001,0.4022706552916924,0.55,16.564469535726158,20.402634609285144
espn:401810880,2026-03-21,0.0,-5.0,217.0,0.43125,-2.5155,232.127,0.44086026090548636,0.55,16.4386361888692,20.28241531474987
espn:401810881,2026-03-21,1.0,16.0,236.0,0.595,3.705,220.3095,0.8120172786846966,0.55,16.28219810099361,19.723620604493487
espn:401810882,2026-03-21,1.0,1.0,245.0,0.46525,-1.26025,223.63775,0.6176844095051003,0.55,16.117460095731587,19.879977991373632
espn:401810883,2026-03-21,1.0,15.0,253.0,0.77725,12.2945,231.9615,0.9814493256252748,0.55,16.483257255469866,20.38038316003897
espn:401810884,2026-03-21,0.0,-7.0,269.0,0.386,-4.5335,229.097,0.3009161223617707,0.55,15.99980867854363,19.571920983899357
espn:401810885,2026-03-21,0.0,-10.0,242.0,0.47175,-1.19425,232.45025,0.3112122100837883,0.55,16.307928039377042,20.491096235621463
espn:401810886,2026-03-21,0.0,-3.0,213.0,0.61675,4.83525,225.84575,0.8096076452787476,0.55,16.48545138713223,20.987519075333797
espn:401810887,2026-03-22,1.0,16.0,240.0,0.61525,4.65075,230.70175,0.6918524549180867,0.55,16.142483527558575,20.273623182290333
espn:401810888,2026-03-22,1.0,4.0,248.0,0.555,1.93525,223.94975,0.6471678363191479,0.55,16.0231881171476,19.807049879714544
espn:401810889,2026-03-22,1.0,32.0,258.0,0.7935,13.337,224.6155,0.9558803499679788,0.55,16.105664562507194,19.758571804409346
espn:401810890,2026-03-22,0.0,-10.0,194.0,0.60475,3.979,225.757,0.7444296312865322,0.55,16.28275342194925,19.806702173759266
espn:401810891,2026-03-22,1.0,22.0,218.0,0.45675,-1.81275,220.33775,0.5129560677099284,0.55,16.41486178551315,19.842219506332956
espn:401810892,2026-03-23,1.0,39.0,253.0,0.623,5.63575,232.68375,0.8886285245762453,0.55,16.64285347942173,20.548983817636824
espn:401810893,2026-03-23,1.0,3.0,223.0,0.561,2.77525,228.43325,0.5318316307515363,0.55,16.151044468934508,20.19038247377944
espn:401810894,2026-03-23,0.0,-2.0,254.0,0.6785,7.64975,229.45325,0.9304773296100449,0.55,16.529354946201018,20.206516632945423
espn:401810895,2026-03-23,0.0,-20.0,226.0,0.37125,-5.30875,226.82975,0.27272308427954817,0.55,16.031950082179648,19.580366823364162
espn:401810896,2026-03-23,0.0,-25.0,247.0,0.44775,-2.04325,234.63325,0.2581193521024105,0.55,16.878621965003543,20.610403791228837
espn:401810897,2026-03-23,1.0,8.0,256.0,0.486,-0.3335,228.9295,0.36605393662865426,0.55,16.254223381939845,20.519528009922645
espn:401810898,2026-03-23,0.0,-16.0,270.0,0.45,-1.674,227.246,0.29200317673679654,0.55,15.810873600152522,20.012383266367852
espn:401810899,2026-03-23,0.0,-6.0,268.0,0.4665,-1.47775,229.16625,0.5011808263359271,0.55,16.211369619421426,20.18494763276586
espn:401810900,2026-03-23,1.0,35.0,233.0,0.65875,6.53225,214.60975,0.857725762644222,0.55,16.362929442416476,20.035167953813115
espn:401810901,2026-03-23,1.0,33.0,225.0,0.6525,6.35675,229.53075,0.8219267962448934,0.55,16.198811050120316,19.61138838627954
espn:401810902,2026-03-24,1.0,44.0,224.0,0.73725,10.50825,229.35425,0.9210960827502658,0.55,16.22121857128804,20.048771955845574
espn:401810903,2026-03-24,1.0,5.0,237.0,0.65625,6.375,227.4655,0.7756253803297883,0.55,16.163318811432262,20.378734252892155
espn:401810904,2026-03-24,1.0,5.0,267.0,0.638,5.994,225.302,0.7373565653738918,0.55,16.417992081859463,20.091274125848763
espn:401810905,2026-03-24,0.0,-2.0,248.0,0.4695,-1.046,229.838,0.4746970234270204,0.55,16.939359019750423,20.474685736293974
espn:401810906,2026-03-25,0.0,-1.0,259.0,0.57175,2.699,228.1145,0.6631952610339924,0.55,16.29413695167682,20.17846351311219
espn:401810907,2026-03-25,0.0,-7.0,267.0,0.3385,-6.95025,233.72675,0.07683155807079739,0.55,16.432278446323263,20.3895336983831
espn:401810908,2026-03-25,1.0,20.0,294.0,0.51775,0.74925,233.44475,0.6578808049805572,0.55,16.618525037965913,20.332890779166153
espn:401810909,2026-03-25,1.0,10.0,228.0,0.46325,-1.45825,221.05975,0.39290531475531815,0.55,16.445812747854696,20.187054761343965
espn:401810910,2026-03-25,0.0,-17.0,223.0,0.553,2.2685,232.272,0.7398541827020771,0.55,16.387187304415605,20.462820333473093
espn:401810911,2026-03-25,0.0,-25.0,221.0,0.3245,-7.55075,233.88725,0.06836362334317478,0.55,16.840143242784485,20.9981079489915
espn:401810912,2026-03-25,0.0,-23.0,243.0,0.57675,3.16875,236.04725,0.7087009570106517,0.55,16.416493944734363,20.236304441214063
espn:401810913,2026-03-25,1.0,2.0,218.0,0.55425,2.15575,226.21275,0.6307432811156244,0.55,15.92388118322603,20.01054690500737
espn:401810914,2026-03-25,1.0,7.0,277.0,0.6505,5.98625,231.05575,0.8903563930413334,0.55,16.188361897903693,20.21063190346853
espn:401810915,2026-03-25,1.0,3.0,215.0,0.6705,7.003,224.111,0.7981652934810822,0.55,16.14278448719427,20.665918295589965
espn:401810916,2026-03-25,1.0,31.0,229.0,0.61325,4.82425,226.50375,0.7777346594360153,0.55,16.270029561666444,20.486129110632394
espn:401810917,2026-03-25,1.0,25.0,213.0,0.5665,2.5575,228.927,0.6401898691697592,0.55,16.148597268803258,19.47081587915617
espn:401810918,2026-03-26,1.0,11.0,217.0,0.51575,0.6965,224.351,0.5841225651714488,0.55,16.48861388200961,20.692469620613196
espn:401810919,2026-03-26,1.0,21.0,237.0,0.5835,3.5285,224.418,0.7698760557633939,0.55,16.147497878928487,19.87972021935923
espn:401810920,2026-03-26,1.0,4.0,238.0,0.70175,8.16325,230.38375,0.8324013035657353,0.55,16.109425794779277,20.409629735433715
espn:401810921,2026-03-27,0.0,-1.0,227.0,0.32925,-7.19675,233.49425,0.11824187171955192,0.55,16.368843558342782,20.21747924291008
espn:401810922,2026-03-27,1.0,7.0,211.0,0.56325,2.3355,225.7225,0.6511602011440233,0.55,16.453128570275016,20.54504791306168
espn:401810923,2026-03-27,1.0,21.0,277.0,0.5695,2.73825,235.15825,0.6280854963249125,0.55,16.97727118642746,20.49102747393356
espn:401810924,2026-03-27,0.0,-10.0,228.0,0.41175,-3.47575,226.77125,0.24587908067926537,0.55,16.15753421588517,20.439836678347017
espn:401810925,2026-03-27,1.0,18.0,244.0,0.68325,7.7095,232.411,0.8900864284973274,0.55,16.45296659420422,20.224899975030777
espn:401810926,2026-03-27,1.0,13.0,225.0,0.59525,3.708,224.901,0.6026505850095132,0.55,16.113371341839052,19.818683079357218
espn:401810927,2026-03-27,1.0,6.0,264.0,0.70075,8.59,238.5925,0.9261066242462247,0.55,16.525825244144393,20.445389302969996
espn:401810928,2026-03-27,1.0,5.0,257.0,0.637,5.744,231.674,0.7936813969716906,0.55,16.18404967861876,20.59457996658344
espn:401810929,2026-03-27,0.0,-7.0,193.0,0.604,4.38375,229.57075,0.823106783869312,0.55,16.34885274071242,20.436242179948348
espn:401810930,2026-03-27,1.0,17.0,215.0,0.751,10.82575,226.33025,0.9516827604619377,0.55,15.97277017105987,20.18794652602141
espn:401810931,2026-03-28,0.0,-32.0,222.0,0.27275,-9.81225,230.17025,0.07988663442077759,0.55,15.90391461048191,20.441202629432055
espn:401810932,2026-03-28,0.0,-4.0,232.0,0.65825,6.58475,228.12325,0.78634161116716,0.55,16.36567497653244,20.083975190123592
espn:401810933,2026-03-28,1.0,10.0,236.0,0.69975,8.18125,228.03325,0.8934171890295077,0.55,16.08941883467206,20.207427952055156
espn:401810934,2026-03-28,1.0,1.0,249.0,0.45275,-1.55125,229.30575,0.3709154022415232,0.55,16.91003765334365,20.805450414194354
espn:401810935,2026-03-28,0.0,-22.0,196.0,0.4625,-1.59525,226.85075,0.47591947879440616,0.55,16.032511576091252,20.345428833954323
espn:401810936,2026-03-28,1.0,25.0,243.0,0.67475,7.47225,226.75175,0.8761803633385323,0.55,16.418426536592964,20.040087872499463
espn:401810937,2026-03-29,0.0,-14.0,240.0,0.3025,-8.63225,224.81025,0.2278436877145147,0.55,16.005296308956606,20.091484388603547
espn:401810938,2026-03-29,1.0,17.0,253.0,0.3885,-4.5355,236.7815,0.14080668430450566,0.55,16.885429806492937,20.46484199181611
espn:401810939,2026-03-29,1.0,17.0,215.0,0.545,2.092,222.029,0.48599630511449615,0.55,15.858405846742604,20.107278756708975
espn:401810940,2026-03-29,0.0,-15.0,213.0,0.51225,0.33175,217.90825,0.5703641280052112,0.55,16.326900867510037,20.01515255843682
espn:401810941,2026-03-29,1.0,52.0,226.0,0.5335,1.60725,228.25475,0.5914011416378624,0.55,16.528324096456362,19.84282874081969
espn:401810942,2026-03-29,1.0,35.0,211.0,0.66,6.515,229.3825,0.8518419675378085,0.55,16.737286966530746,20.237210621772952
espn:401810943,2026-03-29,0.0,-32.0,236.0,0.48275,-0.374,225.8535,0.4682323695581337,0.55,15.75270211741465,20.575593253901577
espn:401810944,2026-03-29,1.0,11.0,211.0,0.554,2.57825,225.07975,0.7019345507225268,0.55,15.983863016727213,20.307889844528408
espn:401810945,2026-03-29,1.0,23.0,209.0,0.63825,5.639,234.743,0.8180210319161436,0.55,16.625377559622518,20.488227131696878
espn:401810946,2026-03-30,1.0,10.0,228.0,0.51075,0.24875,231.20525,0.4969804439867122,0.55,16.346203639912847,20.267723661958193
espn:401810947,2026-03-30,1.0,10.0,214.0,0.512,0.648,221.5875,0.43728774246360336,0.55,16.385118125909255,19.888761745015703
espn:401810948,2026-03-30,0.0,-26.0,236.0,0.4045,-3.9575,229.4215,0.26847074880984284,0.55,16.30138625240197,20.407776403861348
espn:401810949,2026-03-30,1.0,15.0,243.0,0.7045,9.0625,235.9685,0.9316227113496165,0.55,16.317937790971015,20.707824795231392
espn:401810950,2026-03-30,0.0,-30.0,218.0,0.436,-2.48275,228.77025,0.2831403137770912,0.55,16.107349329964258,20.11147595124485
espn:401810951,2026-03-30,0.0,-9.0,235.0,0.316,-7.57425,237.19025,0.12131724982205525,0.55,16.54072208029323,20.32518277746845
espn:401810952,2026-03-30,1.0,4.0,224.0,0.5125,0.6675,221.473,0.6672956020211401,0.55,16.103351941443744,19.87467662630011
espn:401810953,2026-03-30,1.0,19.0,221.0,0.76175,11.70925,229.85275,0.9526205973870554,0.55,16.221412220811725,19.64731705443519
espn:401810954,2026-03-31,1.0,4.0,226.0,0.5125,0.32525,222.83325,0.5167967294359305,0.55,16.407116213323413,20.318684613859727
espn:401810955,2026-03-31,0.0,-31.0,203.0,0.30375,-8.59725,221.31425,0.13182862242815382,0.55,16.452584673463925,19.979013913041356
espn:401810956,2026-03-31,1.0,11.0,243.0,0.56475,2.50925,221.40725,0.7482656926921581,0.55,15.666522091309863,20.108304190992836
espn:401810957,2026-03-31,1.0,17.0,205.0,0.47025,-1.076,222.8315,0.5056410639906938,0.55,16.069714496530423,19.857218026450735
espn:401810958,2026-03-31,1.0,14.0,240.0,0.52175,0.92425,226.56775,0.6504452914228264,0.55,16.39326117456499,20.14787606517124
espn:401810959,2026-03-31,0.0,-10.0,218.0,0.6065,4.197,227.058,0.7384704562172432,0.55,16.194897066668872,20.342889077021486
espn:401858694,2026-03-31,1.0,24.0,222.0,0.5515,1.65025,224.80775,0.5645129872953073,0.55,15.916278614597697,19.648277022108072
espn:401810858,2026-04-01,0.0,-11.0,249.0,0.3765,-5.1305,225.512,0.1657220089254677,0.55,16.31946597625057,20.135710963360594
espn:401810960,2026-04-01,0.0,-22.0,284.0,0.38475,-4.9445,232.534,0.1877190651503696,0.55,16.445817697822143,20.51440576765508
espn:401810961,2026-04-01,0.0,-18.0,276.0,0.438,-2.34975,228.24075,0.35623487024968675,0.55,16.54803386923957,20.72760935171975
espn:401810962,2026-04-01,0.0,-29.0,231.0,0.40625,-3.54425,225.71725,0.40006291391826254,0.55,16.640313757183186,19.98313795272154
espn:401810963,2026-04-01,0.0,-8.0,238.0,0.70225,8.16625,226.11225,0.8812628146146776,0.55,15.95110061837427,19.93388195855238
espn:401810964,2026-04-01,0.0,-19.0,271.0,0.597,3.992,238.52,0.7961534968399083,0.55,16.61909853150886,20.678130960026344
espn:401810965,2026-04-01,1.0,6.0,232.0,0.698,8.29075,217.17575,0.8743669343730902,0.55,15.870167435710941,19.779720977240807
espn:401810967,2026-04-01,0.0,-13.0,247.0,0.3215,-7.13725,239.04525,0.11970648290349295,0.55,16.46228758215273,20.368988743614644
espn:401810968,2026-04-01,0.0,-14.0,240.0,0.33725,-6.97075,230.05775,0.11736371508489907,0.55,16.534264254495874,20.32798354332028
espn:401810969,2026-04-02,1.0,20.0,234.0,0.6045,4.18875,224.76375,0.7418755608622328,0.55,16.50751717968211,20.164286149960777
espn:401810970,2026-04-02,1.0,5.0,221.0,0.6035,4.633,224.465,0.736046336413669,0.55,16.418200601771193,20.02849907007512
espn:401810971,2026-04-02,1.0,43.0,235.0,0.59225,3.8525,229.194,0.6747960365381181,0.55,16.24603778618036,20.42268013753337
espn:401810972,2026-04-02,0.0,-7.0,229.0,0.361,-5.50875,229.03725,0.2895528736841217,0.55,16.39813780395506,20.474236553227083
espn:401810973,2026-04-02,1.0,12.0,224.0,0.57425,3.2075,226.3285,0.6917629268630241,0.55,16.498422462465918,20.191757916288516
espn:401810974,2026-04-02,0.0,-19.0,217.0,0.4745,-0.98125,227.19375,0.24370448751895923,0.55,16.037063273476846,19.992028684890887
espn:401810975,2026-04-03,1.0,21.0,237.0,0.671,7.34175,227.31625,0.9213524804277601,0.55,16.41040697050198,20.474135779990814
espn:401810976,2026-04-03,1.0,12.0,218.0,0.5225,1.17525,225.23725,0.5437440740775464,0.55,16.186631441949245,20.00968421633635
espn:401810977,2026-04-03,0.0,-34.0,248.0,0.30025,-8.51325,224.75925,0.11230808322038954,0.55,16.17588712984546,20.205476718887383
espn:401810978,2026-04-03,1.0,40.0,232.0,0.64675,5.9805,233.0315,0.8590298855697643,0.55,16.353596538682247,20.50849842748123
espn:401810979,2026-04-03,1.0,34.0,246.0,0.699,8.19875,230.92875,0.9345391430904085,0.55,15.855275098133744,20.212735426891136
espn:401810980,2026-04-03,0.0,-32.0,224.0,0.3765,-4.855,231.8965,0.2646278885634233,0.55,16.399923018112005,19.85715960931976
espn:401810981,2026-04-03,0.0,-32.0,234.0,0.30875,-7.7005,224.661,0.14458358142558903,0.55,16.028780357531886,20.32910669458941
espn:401810982,2026-04-03,0.0,-11.0,265.0,0.4465,-2.16825,228.16625,0.32972860904649665,0.55,16.10046402863905,20.17889023057264
espn:401810983,2026-04-03,1.0,4.0,230.0,0.458,-1.3255,227.958,0.41144754154441054,0.55,16.45363332975425,19.830588392682653
espn:401810984,2026-04-04,1.0,16.0,288.0,0.694,8.33175,237.28275,0.8839993419975334,0.55,16.293240682488552,20.328362020524427
espn:401810985,2026-04-04,1.0,2.0,270.0,0.454,-2.1985,234.6725,0.30716197802670325,0.55,16.663736008170556,20.56062362259472
espn:401810986,2026-04-04,0.0,-23.0,209.0,0.39375,-4.3585,225.2625,0.3842636619714165,0.55,16.171842126053544,20.118849215350266
espn:401810987,2026-04-05,1.0,14.0,216.0,0.60175,4.34425,225.85475,0.8103848745542457,0.55,16.396180711906663,20.502613307515215
espn:401810988,2026-04-05,1.0,6.0,236.0,0.5585,2.34025,224.53675,0.6315449136987386,0.55,16.01522650284722,19.783052075893142
espn:401810989,2026-04-05,0.0,-10.0,230.0,0.44875,-2.2895,232.1535,0.3722609180027208,0.55,16.950153089279166,20.540446386337372
espn:401810990,2026-04-05,1.0,16.0,246.0,0.521,0.929,231.9485,0.687709409924862,0.55,16.65700930539453,20.483001434116048
espn:401810991,2026-04-05,1.0,9.0,225.0,0.68275,7.6665,237.067,0.9091725689718472,0.55,16.54122963234596,20.530782035762787
espn:401810992,2026-04-05,0.0,-14.0,230.0,0.441,-2.6405,224.8955,0.42057641795111195,0.55,16.512215470675034,20.105187881489694
espn:401810993,2026-04-05,0.0,-4.0,220.0,0.49725,-0.10275,229.68375,0.4574063879372614,0.55,16.628294934764057,20.218277274226406
espn:401810994,2026-04-05,1.0,35.0,257.0,0.8,13.6005,232.033,0.9754654898784547,0.55,16.19494982239834,20.39176086070058
espn:401810995,2026-04-05,1.0,6.0,262.0,0.35525,-6.01275,232.06025,0.12537184786851382,0.55,15.902628318535902,19.916202447693184
espn:401810997,2026-04-05,0.0,-1.0,233.0,0.4165,-3.2855,226.631,0.27036530847672546,0.55,16.47637671789523,20.495276016682478
espn:401810998,2026-04-06,0.0,-3.0,213.0,0.52375,0.8485,228.977,0.6390056637995379,0.55,16.34287452530919,20.355858395066516
espn:401810999,2026-04-06,1.0,16.0,230.0,0.342,-6.0215,222.021,0.28182892452393543,0.55,15.8782725052192,20.250050839442356
espn:401811000,2026-04-06,0.0,-16.0,268.0,0.3335,-6.79075,227.40975,0.12279707175639891,0.55,16.303541469186992,20.32009731614246
espn:401811001,2026-04-06,1.0,13.0,217.0,0.68725,8.12225,232.67675,0.8735010223038858,0.55,16.543119564867446,20.657172106498507
espn:401811002,2026-04-06,1.0,5.0,269.0,0.602,3.92525,230.62825,0.7329569142728684,0.55,16.698388019132267,20.806899142772334
espn:401811003,2026-04-07,0.0,-31.0,227.0,0.42725,-2.75425,238.66975,0.3710776004398344,0.55,16.24559500103028,20.58950424214969
espn:401811004,2026-04-07,1.0,11.0,215.0,0.56075,2.19525,224.71825,0.6328464725331583,0.55,16.546287421578896,20.612565753382086
espn:401811005,2026-04-07,1.0,6.0,186.0,0.47375,-1.17975,225.03825,0.45359046430898786,0.55,16.369634691632555,19.98036003022718
espn:401811006,2026-04-07,1.0,26.0,216.0,0.5535,1.972,234.645,0.5896120030412271,0.55,16.17653287945226,20.47256639994117
espn:401811007,2026-04-07,0.0,-20.0,228.0,0.41625,-3.08225,230.79375,0.25950607912539997,0.55,16.778289094466693,20.359720305974246
espn:401811008,2026-04-07,1.0,19.0,293.0,0.6265,5.09675,234.17825,0.7981392112872052,0.55,16.25990127391615,20.521658727732024
espn:401811010,2026-04-07,0.0,-36.0,210.0,0.40525,-3.97425,229.97275,0.3632341837371728,0.55,16.456065354072337,20.232622356914092
espn:401811011,2026-04-07,1.0,13.0,219.0,0.68475,7.76425,231.24425,0.8417539449917909,0.55,15.822837038202094,20.290455685802133
espn:401811012,2026-04-07,0.0,-14.0,224.0,0.49725,-0.23525,224.87875,0.43848079758324277,0.55,16.088036158509215,19.862000111708284
espn:401811013,2026-04-08,1.0,6.0,238.0,0.51975,0.778,234.4705,0.5687341958524489,0.55,16.592293873964504,20.74565327363783
espn:401811014,2026-04-08,1.0,12.0,252.0,0.541,1.756,222.252,0.6034749072615065,0.55,16.232574164315405,20.292030356768148
espn:401811015,2026-04-08,1.0,26.0,248.0,0.77975,12.304,222.3575,0.9208535924190221,0.55,15.725698203895432,19.93615293254945
espn:401811016,2026-04-08,1.0,11.0,213.0,0.66825,7.295,227.0225,0.8871611230986274,0.55,16.328869372984766,20.172964426429747
espn:401811017,2026-04-08,1.0,17.0,255.0,0.7175,9.847,239.092,0.9455192754155813,0.55,16.905785725602936,20.780171702851735
espn:401811018,2026-04-08,0.0,-18.0,238.0,0.3945,-4.0495,219.733,0.2418794046735598,0.55,16.196714165224996,19.83733124691928
espn:401811019,2026-04-08,1.0,5.0,219.0,0.65475,6.27425,220.84875,0.8044792224565819,0.55,16.09153618948483,19.831575162792795
espn:401811020,2026-04-09,1.0,14.0,242.0,0.59675,3.7175,233.586,0.6622609200125852,0.55,16.20790528569315,20.239654246058652
espn:401811021,2026-04-09,0.0,-11.0,227.0,0.39975,-4.218,237.538,0.3090368978763316,0.55,16.563483208552483,20.434946929219073
espn:401811022,2026-04-09,0.0,-29.0,217.0,0.4655,-1.51775,227.40375,0.5872759525957163,0.55,16.367152621561882,20.405973045593782
espn:401811023,2026-04-09,1.0,6.0,218.0,0.5005,-0.38825,224.57325,0.4547538149772945,0.55,16.768154696850218,20.250287268024127
espn:401811024,2026-04-09,1.0,11.0,215.0,0.6015,3.945,228.7925,0.7287051669444198,0.55,16.085271990240017,20.0779716044724
espn:401811025,2026-04-09,0.0,-16.0,222.0,0.44925,-1.8,230.5135,0.2785716824063261,0.55,16.294293479620404,19.912943472776696
espn:401811026,2026-04-10,0.0,-18.0,218.0,0.52375,0.9185,226.097,0.5535669463526186,0.55,16.442197473269808,19.849359964492557
espn:401811027,2026-04-10,0.0,-23.0,257.0,0.35475,-5.99825,229.59775,0.19006498549905843,0.55,16.28199149175248,20.483589649704957
espn:401811028,2026-04-10,1.0,22.0,226.0,0.52475,1.0495,233.6615,0.5547295962001847,0.55,16.052073067052742,20.838975928533532
espn:401811029,2026-04-10,1.0,26.0,262.0,0.6445,6.03275,223.87975,0.8960519554856122,0.55,16.569932934007305,19.89103541642566
espn:401811030,2026-04-10,0.0,-11.0,199.0,0.4635,-1.29425,225.75375,0.29151689448827905,0.55,16.221718988365566,20.14856349563164
espn:401811031,2026-04-10,1.0,17.0,207.0,0.5935,3.342,218.9805,0.7324497338747138,0.55,16.05001669781063,19.826613925479055
espn:401811032,2026-04-10,0.0,-24.0,230.0,0.449,-2.31925,229.72425,0.31273291382741303,0.55,16.20864983388499,20.17870689458321
espn:401811033,2026-04-10,0.0,-4.0,268.0,0.548,1.79,220.631,0.7609522379510937,0.55,16.103583452138842,20.39277663781958
espn:401811034,2026-04-10,1.0,17.0,233.0,0.614,4.457,218.8265,0.6954554171244662,0.55,16.16601840281026,20.198140947869433
espn:401811035,2026-04-10,1.0,19.0,259.0,0.785,12.34625,231.48025,0.9659926552241425,0.55,16.14796770301142,20.227743570094514
espn:401811036,2026-04-10,1.0,46.0,248.0,0.5145,0.816,239.059,0.5555621075182365,0.55,16.577805765540866,20.317062263033996
espn:401811037,2026-04-10,1.0,20.0,234.0,0.4155,-3.27275,233.71725,0.34846868430205047,0.55,16.36083303005993,20.5429258489997
espn:401811038,2026-04-10,1.0,19.0,213.0,0.49625,-0.27275,226.45975,0.5489011885651675,0.55,16.09814763994603,20.423402751194523
espn:401811039,2026-04-10,1.0,6.0,242.0,0.4915,-0.4235,227.221,0.5143117877839156,0.55,16.48971339199078,20.08835879309208
espn:401811040,2026-04-10,1.0,28.0,174.0,0.511,0.48525,225.51675,0.7376313075659617,0.55,16.057047749742168,19.77156340397744
espn:401811041,2026-04-12,1.0,5.0,221.0,0.646,6.04375,227.70075,0.7484870595135568,0.55,16.46178410554275,20.390946506660743
espn:401811042,2026-04-12,1.0,13.0,247.0,0.77025,11.46175,237.09925,0.9590221714946672,0.55,16.223209822273148,20.176964574422488
espn:401811043,2026-04-12,0.0,-12.0,254.0,0.312,-7.9195,230.1595,0.1087132690375163,0.55,16.118096033651124,20.18620964297161
espn:401811044,2026-04-12,1.0,26.0,260.0,0.44425,-1.958,236.1255,0.3220387617457736,0.55,16.694512152201394,20.752319141483923
espn:401811045,2026-04-12,0.0,-14.0,206.0,0.55825,2.2255,225.6335,0.6507212794698645,0.55,16.516799016455945,20.312734374032463
espn:401811046,2026-04-12,1.0,20.0,232.0,0.6215,5.06925,229.15875,0.8219575652920147,0.55,15.975824061296493,20.4358887361793
espn:401811047,2026-04-12,1.0,35.0,237.0,0.73325,10.22725,223.25575,0.9014425758663407,0.55,16.249049431812928,19.97131297480213
espn:401811048,2026-04-12,1.0,21.0,277.0,0.481,-0.71325,234.52725,0.5115139566755698,0.55,16.11564533109053,20.17668846559068
espn:401811049,2026-04-12,1.0,31.0,233.0,0.743,10.62925,231.07825,0.9491326161604449,0.55,16.32511238667287,20.388271798695936
espn:401811050,2026-04-12,1.0,6.0,258.0,0.611,4.56175,231.17925,0.7711567484811798,0.55,16.443332598275205,20.290764387708514
espn:401811051,2026-04-12,0.0,-32.0,238.0,0.70525,8.4575,224.1895,0.8871893986214882,0.55,16.430282826232784,20.608386393650523
espn:401811052,2026-04-12,0.0,-10.0,246.0,0.596,3.7955,236.1915,0.7443180712761964,0.55,16.442830648948494,20.110813701837127
espn:401811053,2026-04-12,1.0,24.0,238.0,0.6945,8.385,235.219,0.9367640629586492,0.55,16.06260486347093,20.338843108692295
espn:401811054,2026-04-12,1.0,5.0,225.0,0.61725,4.9475,229.332,0.7868548573590881,0.55,16.403848443276964,20.02577778764161
espn:401811055,2026-04-12,1.0,12.0,232.0,0.67425,7.45275,228.14025,0.8230613929509055,0.55,16.131545723751955,20.370114872957885
